Workbook

Sheet 📖 Instrucciones
A1: MATRIZ DE TRAZABILIDAD DE REQUISITOS
A2: Plantilla estándar para proyectos de desarrollo de software · Versión 1.0
A4: ¿QUÉ ES ESTA PLANTILLA?
A5: Esta plantilla permite rastrear cada necesidad de negocio a través de todo el ciclo de vida del software: desde el requisito que la documenta, hasta los casos de prueba que la verifican y el código que la implementa. Cuando un requisito cambia, la matriz muestra de inmediato qué otros artefactos deben actualizarse, evitando el scope creep silencioso y las regresiones no detectadas.
A9: ESTRUCTURA DE LA PLANTILLA
A10: 📋 Matriz principal | C10: Hoja central. Cada fila es un requisito. Registra origen, especificación, pruebas, estado y RFC asociada.
A11: 🔗 Trazabilidad visual | C11: Vista cruzada (requisitos × artefactos). Un ✓ en cada celda indica que el artefacto cubre ese requisito.
A12: 📊 Resumen y métricas | C12: Dashboard automático: % de cobertura, requisitos sin prueba, cambios pendientes y semáforo de salud.
A13: 📝 Registro de RFCs | C13: Historial de todas las Solicitudes de Cambio procesadas, con estado y artefactos impactados.
A14: 🗂️ Catálogo de artefactos | C14: Inventario de todos los documentos, módulos de código y casos de prueba referenciados en la matriz.
A16: GUÍA DE COLORES Y ESTADOS
A17: Activo / Aprobado / Completado | D17: El requisito o artefacto está en uso y verificado.
A18: En desarrollo / Pendiente de revisión | D18: Trabajo en curso. Requiere seguimiento.
A19: Rechazado / Bloqueado / Sin cobertura | D19: Requiere acción inmediata. No puede cerrarse el ciclo.
A20: Propuesto / En análisis | D20: RFC o requisito recién ingresado, aún no evaluado.
A21: Aplazado / En espera de decisión | D21: El CCB ha pospuesto la decisión a una iteración futura.
A22: Archivado / Fuera de alcance | D22: No aplica al sprint actual. Conservado por trazabilidad histórica.
A24: FLUJO DE TRABAJO RECOMENDADO
A25: 1. Al iniciar el proyecto, registra todas las necesidades de negocio en la columna 'ID Necesidad' de la Matriz principal.
A26: 2. Para cada necesidad, crea al menos un requisito en la hoja Matriz principal. Completa todas las columnas.
A27: 3. A medida que avanza el desarrollo, actualiza 'ID Código', 'ID Caso de prueba' y 'Resultado prueba'.
A28: 4. Cuando llegue una RFC, regístrala en la hoja 'Registro de RFCs' y actualiza las filas afectadas en la Matriz principal.
A29: 5. Usa la hoja 'Trazabilidad visual' para detectar requisitos sin cobertura (celdas vacías en columnas de artefactos).
A30: 6. Revisa el 'Resumen y métricas' antes de cada reunión del CCB o revisión de sprint.
A31: 7. Al cerrar el proyecto, archiva la matriz completa junto con el SRS y el informe de lecciones aprendidas.

Sheet 📋 Matriz principal
A1: MATRIZ DE TRAZABILIDAD DE REQUISITOS — Hoja principal
A2: IDENTIFICACIÓN | D2: ORIGEN | G2: ESPECIFICACIÓN | I2: IMPLEMENTACIÓN | L2: VERIFICACIÓN | O2: ESTADO Y CAMBIOS
A3: {=+K4+A3:K3+K4+A3:A3:K4} -> 0 | B3: Título del requisito | C3: Tipo | D3: ID Necesidad de negocio | E3: Stakeholder solicitante | F3: Prioridad (MoSCoW) | G3: Versión SRS | H3: Criterios de aceptación (resumen) | I3: ID Módulo / Código | J3: Sprint implementación | K3: Responsable desarrollo | L3: ID Caso de prueba | M3: Resultado prueba | N3: {=+N4+F3:N4+E3:N4+N4+F3:N4+A3:N4} -> 0 | O3: Estado actual | P3: RFC asociada | Q3: Última actualización | R3: Notas / Observaciones
A4: REQ-001 | B4: Registrar usuarios y gestionar acceso | C4: Funcional | D4: NEG-12 | E4: Personal administrativo | F4: Must have | G4: SRS v1.0 | H4: El sistema permite registrar usuarios, asociarles un rol, gestionar sus credenciales y permitir el acceso a las funciones correspondientes según el rol. | J4: Sprint 1 | K4: Sin asignar | O4: Propuesto
A5: REQ-002 | B5: Gestionar pilotos, copilotos y tripulaciones | C5: Funcional | D5: NEG-06 | E5: Personal administrativo | F5: Should have | G5: SRS v1.1 | H5: El sistema permite registrar y actualizar la información de pilotos, copilotos y tripulaciones, manteniéndola disponible para apoyar el proceso de asignación de vuelos. | J5: Sprint 1 | K5: Sin asignar | O5: Propuesto | P5: RFC-04 | Q5: 46272 | R5: Requiere incorporar las horas de vuelo reales acumuladas de los pilotos como información gestionada por el sistema para apoyar la nueva fórmula de asignación.
A6: REQ-003 | B6: Gestionar información de vuelos | C6: Funcional | D6: NEG-03 | E6: Personal administrativo | F6: Should have | G6: SRS v1.0 | H6: El sistema permite registrar, actualizar y consultar la información de los vuelos, incluyendo las características correspondientes a cada vuelo. | J6: Sprint 1 | K6: Sin asignar | O6: Propuesto
A7: REQ-004 | B7: Gestionar escenarios y resultados del simulador | C7: Funcional | D7: NEG-11 | E7: Personal administrativo | F7: Should have | G7: SRS v1.0 | H7: El sistema permite registrar y actualizar escenarios de simulación y resultados de las pruebas de los pilotos, incluyendo el puntaje y resultado obtenido, conservando la información asociada a cada piloto y escenario. | J7: Sprint 1 | K7: Sin asignar | O7: Propuesto
A8: REQ-005 | B8: Consultar vuelos asignados | C8: Funcional | D8: NEG-02 | E8: Piloto o copiloto | F8: Should have | G8: SRS v1.0 | H8: El sistema permite a pilotos y copilotos consultar sus vuelos asignados y visualizar la información asociada a cada vuelo. | J8: Sprint 2 | K8: Sin asignar | O8: Propuesto
A9: REQ-006 | B9: Consultar escenarios y evaluaciones | C9: Funcional | D9: NEG-11 | E9: Piloto | F9: Should have | G9: SRS v1.0 | H9: El sistema permite al piloto consultar los escenarios estándar y sus evaluaciones, mostrando el puntaje o resultado correspondiente a cada escenario. | J9: Sprint 3 | K9: Sin asignar | O9: Propuesto
A10: REQ-007 | B10: Consultar información y condiciones de vuelo | C10: Funcional | D10: NEG-03, NEG-10 | E10: Piloto o copiloto | F10: Could have | G10: SRS v1.0 | H10: El sistema permite a pilotos y copilotos consultar la información de cualquier vuelo, incluyendo fecha, origen, destino y condiciones meteorológicas y de visibilidad previstas. | J10: Sprint 3 | K10: Sin asignar | O10: Propuesto
A11: REQ-008 | B11: Asignar la tripulación más adecuada | C11: Funcional | D11: NEG-01 | E11: Operador de vuelos | F11: Must have | G11: SRS v1.1 | H11: El sistema permite al operador seleccionar un vuelo, consultar sus características y condiciones, identificar el escenario de simulación más aproximado, consultar las evaluaciones de los pilotos y apoyar la selección y asignación de la tripulación más adecuada. | J11: Sprint 2 | K11: Sin asignar | O11: Propuesto | P11: RFC-01, RFC-03, RFC-04, RFC-05, RFC-06 | Q11: 46272 | R11: El requisito presenta múltiples cambios propuestos sobre la lógica de selección de escenarios y asignación de tripulaciones. Las modificaciones deben ser evaluadas antes de determinar su implementación.
A12: REQ-009 | B12: Consultar información para recomendaciones de asignación | C12: Funcional | D12: NEG-08 | E12: Operador de vuelos | F12: Could have | G12: SRS v1.0 | H12: El sistema permite consultar los registros de recomendaciones y los datos de las pruebas del simulador, incluyendo el puntaje y resultado obtenido por los pilotos, para sustentar las decisiones de asignación de tripulaciones. | J12: Sprint 2 | K12: Sin asignar | O12: Propuesto
A13: REQ-010 | B13: Consultar registros y métricas operacionales | C13: Funcional | D13: NEG-09 | E13: Personal administrativo | F13: Won't have | G13: SRS v1.0 | H13: El sistema permite consultar registros operacionales y métricas relacionadas con el desempeño de tripulantes y operadores, proporcionando información para auditoría, seguimiento operacional y definición y seguimiento de indicadores KPI. | J13: Sprint 3 | K13: Sin asignar | O13: Propuesto
A14: REQ-011 | B14: Notificar asignación de tripulación | C14: Funcional | D14: RFC-02 | E14: Operador de vuelos | F14: Por definir | G14: SRS v1.1 | H14: El sistema debe generar y enviar automáticamente una notificación al momento de realizar una asignación de tripulación, utilizando los canales de comunicación definidos, como Teams o correo electrónico. | J14: Por definir | K14: Sin asignar | O14: En desarrollo | P14: RFC-02 | Q14: 46272 | R14: Requisito incorporado a partir de la RFC-02 para automatizar la notificación de las asignaciones de tripulación. No estaba contemplado en las historias de usuario iniciales y se incorpora como nuevo requisito en la versión SRS v1.1.

Sheet 🔗 Trazabilidad visual
A1: TRAZABILIDAD VISUAL — Requisitos × Artefactos
C2: Necesidades | G2: Casos de prueba | L2: Módulos código
A3: ID Req. | B3: Título (abrev.) | C3: NEG-01 | D3: NEG-02 | E3: NEG-05 | F3: NEG-06 | G3: TC-007 | H3: TC-021 | I3: TC-040 | J3: TC-055 | K3: TC-090 | L3: AuthSvc | M3: OrderCtrl | N3: GDPRSvc
A4: REQ-001 | B4: Autenticación usuario | C4: ✓ | G4: ✓ | L4: ✓
A5: REQ-002 | B5: Cierre sesión automático | C5: ✓ | H5: ✓ | L5: ✓
A6: REQ-003 | B6: MFA | D6: ✓ | I6: ✓ | L6: ✓
A7: REQ-004 | B7: IdP externo (OAuth) | J7: ✓ | L7: ✓
A8: REQ-005 | B8: Log intentos fallidos | D8: ✓ | I8: ✓ | L8: ✓
A9: REQ-006 | B9: Crear pedido | E9: ✓ | K9: ✓ | M9: ✓
A10: REQ-007 | B10: Email confirmación pedido | E10: ✓ | K10: ✓ | M10: ✓
A11: REQ-008 | B11: Cancelar pedido | F11: ✓ | L11: ✓
A12: REQ-009 | B12: Rendimiento catálogo | E12: ✓ | M12: ✓
A13: REQ-010 | B13: Exportar CSV | M13: ✓
A14: REQ-011 | B14: GDPR - derecho al olvido | N14: ✓
A15: REQ-012 | B15: Anonimizar logs | D15: ✓ | N15: ✓
A17: Cobertura total (%) | C17: =IFERROR(COUNTIF(C4:C15,"✓")/COUNTA(C4:C15),"") -> 1 | D17: =IFERROR(COUNTIF(D4:D15,"✓")/COUNTA(D4:D15),"") -> 1 | E17: =IFERROR(COUNTIF(E4:E15,"✓")/COUNTA(E4:E15),"") -> 1 | F17: =IFERROR(COUNTIF(F4:F15,"✓")/COUNTA(F4:F15),"") -> 1 | G17: =IFERROR(COUNTIF(G4:G15,"✓")/COUNTA(G4:G15),"") -> 1 | H17: =IFERROR(COUNTIF(H4:H15,"✓")/COUNTA(H4:H15),"") -> 1 | I17: =IFERROR(COUNTIF(I4:I15,"✓")/COUNTA(I4:I15),"") -> 1 | J17: =IFERROR(COUNTIF(J4:J15,"✓")/COUNTA(J4:J15),"") -> 1 | ... N17: =IFERROR(COUNTIF(N4:N15,"✓")/COUNTA(N4:N15),"") -> 1

Sheet 📊 Resumen y métricas
A1: RESUMEN Y MÉTRICAS — Dashboard de trazabilidad
A2: Las métricas se calculan automáticamente a partir de la hoja '📋 Matriz principal'
A4: Total requisitos | C4: Verificados | E4: En desarrollo | G4: Bloqueados / Fallidos | I4: Sin caso de prueba
A5: =COUNTA('📋 Matriz principal'!A4:A103) -> 11 | C5: =COUNTIF('📋 Matriz principal'!O4:O103,"Verificado") -> 0 | E5: =COUNTIF('📋 Matriz principal'!O4:O103,"En desarrollo") -> 1 | G5: =COUNTIF('📋 Matriz principal'!O4:O103,"Bloqueado")+COUNTIF('📋 Matriz principal'!M4:M103,"Fallido") -> 0 | I5: =COUNTIF('📋 Matriz principal'!L4:L103,"")-MAX(0,COUNTA('📋 Matriz principal'!A4:A103)-COUNTA('📋 Matriz principal'!L4:L103)) -> 89
A8: DISTRIBUCIÓN DE ESTADOS
A9: Propuesto | B9: Aprobado | C9: En desarrollo | D9: Implementado | E9: Verificado | F9: Aplazado | G9: Rechazado | H9: Archivado
A10: =COUNTIF('📋 Matriz principal'!O4:O103,"Propuesto") -> 10 | B10: =COUNTIF('📋 Matriz principal'!O4:O103,"Aprobado") -> 0 | C10: =COUNTIF('📋 Matriz principal'!O4:O103,"En desarrollo") -> 1 | D10: =COUNTIF('📋 Matriz principal'!O4:O103,"Implementado") -> 0 | E10: =COUNTIF('📋 Matriz principal'!O4:O103,"Verificado") -> 0 | F10: =COUNTIF('📋 Matriz principal'!O4:O103,"Aplazado") -> 0 | G10: =COUNTIF('📋 Matriz principal'!O4:O103,"Rechazado") -> 0 | H10: =COUNTIF('📋 Matriz principal'!O4:O103,"Archivado") -> 0
A12: DISTRIBUCIÓN POR PRIORIDAD (MoSCoW)
A13: Must have | C13: Should have | E13: Could have | G13: Won't have
A14: =COUNTIF('📋 Matriz principal'!F4:F103,"Must have") -> 2 | C14: =COUNTIF('📋 Matriz principal'!F4:F103,"Should have") -> 5 | E14: =COUNTIF('📋 Matriz principal'!F4:F103,"Could have") -> 2 | G14: =COUNTIF('📋 Matriz principal'!F4:F103,"Won't have") -> 1
A16: ALERTAS DE COBERTURA — Requisitos sin caso de prueba asignado
A17: ID Req. | B17: Título | C17: Prioridad | D17: Estado | E17: Responsable | F17: Sprint
A18: → Filtra la hoja 'Matriz principal' por columna L (ID Caso de prueba) vacía para ver los requisitos sin cobertura de prueba.

Sheet 📝 Registro de RFCs
A1: REGISTRO DE SOLICITUDES DE CAMBIO (RFC)
A2: ID RFC | B2: Título del cambio | C2: Solicitante | D2: Fecha solicitud | E2: Prioridad | F2: Requisito(s) afect. | G2: Artefactos impactados | H2: Decisión CCB | I2: Fecha decisión | J2: Responsable impl. | K2: Sprint impl. | L2: Estado RFC | M2: Notas
A3: RFC-017 | B3: Ampliar timeout de autenticación a 60 s | C3: Product Owner | D3: 2025-09-10 | E3: Alta | F3: REQ-001, REQ-002 | G3: SRS v3.2, TC-007, TC-008, TC-009, SessionManager | H3: Aprobada | I3: 2025-09-17 | J3: María García | K3: Sprint 9 | L3: Implementada | M3: Motivada por incidencias de sesión en horarios pico.
A4: RFC-020 | B4: Integración con Google Workspace (OIDC) | C4: Arquitecto de soluciones | D4: 2025-10-01 | E4: Media | F4: REQ-004 | G4: SRS v4.0, TC-040, TC-041, OAuthController | H4: Aprobada | I4: 2025-10-08 | J4: Ana Martínez | K4: Sprint 7 | L4: Implementada | M4: Solicitada por cliente enterprise. Cumple OAuth 2.0.
A5: RFC-022 | B5: Corregir ventana de cancelación de pedido | C5: QA Lead | D5: 2025-11-25 | E5: Alta | F5: REQ-008 | G5: OrderController.cancel(), TC-071, Plan sprint 10 | H5: Aprobada | I5: 2025-11-28 | J5: Luis Torres | K5: Sprint 10 | L5: En análisis | M5: Bug detectado en TC-071. Ventana de 2 h calcula desde creación, no confirmación.
A6: RFC-023 | B6: GDPR: anonimización y eliminación de datos | C6: Legal / Compliance | D6: 2025-11-28 | E6: Crítica | F6: REQ-011, REQ-012 | G6: GDPRService, AuditLogger, TC-090, TC-091, SRS v1.0 | H6: En análisis | J6: Carlos López | K6: Sprint 10 | L6: Pendiente CCB | M6: Afecta a dos requisitos interdependientes. Análisis de impacto en curso.
A7: RFC-019 | B7: Agregar módulo de BI para análisis de pedidos | C7: Director Comercial | D7: 2025-09-20 | E7: Media | F7: Ninguno (nuevo alcance) | G7: Plan de proyecto, presupuesto, arquitectura | H7: Rechazada | I7: 2025-09-27 | L7: Rechazada | M7: Fuera del alcance v1.0. Se revisará para v2.0. Registrada para el backlog futuro.

Sheet 🗂️ Catálogo de artefactos
A1: CATÁLOGO DE ARTEFACTOS
A2: ID Artefacto | B2: Tipo | C2: Nombre / Descripción | D2: Versión actual | E2: Propietario | F2: Última actualización | G2: Requisitos vinculados
A3: SRS-001 | B3: Documento SRS | C3: SRS del Sistema de Autenticación | D3: v3.2 | E3: María García | F3: 2025-10-15 | G3: REQ-001 a REQ-005
A4: SRS-002 | B4: Documento SRS | C4: SRS del Módulo de Pedidos | D4: v2.1 | E4: Luis Torres | F4: 2025-11-10 | G4: REQ-006 a REQ-009
A5: SRS-003 | B5: Documento SRS | C5: SRS de Cumplimiento GDPR | D5: v1.0 | E5: Carlos López | F5: 2025-11-30 | G5: REQ-011, REQ-012
A6: TC-007 | B6: Caso de prueba | C6: Login exitoso con credenciales válidas | D6: v2.0 | E6: QA Lead | F6: 2025-10-15 | G6: REQ-001
A7: TC-008 | B7: Caso de prueba | C7: Bloqueo tras 3 intentos fallidos | D7: v2.0 | E7: QA Lead | F7: 2025-10-15 | G7: REQ-001, REQ-005
A8: TC-009 | B8: Caso de prueba | C8: Expiración de sesión por inactividad | D8: v1.1 | E8: QA Lead | F8: 2025-10-15 | G8: REQ-002
A9: TC-021 | B9: Caso de prueba | C9: Verificación MFA por TOTP | D9: v1.0 | E9: QA Lead | F9: 2025-11-01 | G9: REQ-003
A10: TC-040 | B10: Caso de prueba | C10: Login con Azure AD (OIDC) | D10: v1.0 | E10: QA Lead | F10: 2025-11-20 | G10: REQ-004
A11: TC-055 | B11: Caso de prueba | C11: Creación de pedido — flujo completo | D11: v1.0 | E11: QA Lead | F11: 2025-11-10 | G11: REQ-006
A12: TC-071 | B12: Caso de prueba | C12: Cancelación de pedido en ventana válida | D12: v1.0 | E12: QA Lead | F12: 2025-11-28 | G12: REQ-008
A13: TC-090 | B13: Caso de prueba | C13: Eliminar datos de usuario (GDPR) | D13: v0.1 | E13: QA Lead | F13: 2025-11-30 | G13: REQ-011
... A22: MAN-USR | B22: Manual usuario | C22: Guía de usuario final — Autenticación | D22: v2.0 | E22: Técnico doc. | F22: 2025-10-20 | G22: REQ-001, REQ-002, REQ-003
